[
  {
    "ID": 1,
    "userId": 1,
    "province": "北京市",
    "city": "北京市",
    "address1": "通州区",
    "address2": "新潮嘉园3期",
    "name": "李唐菲",
    "tel": "13146593373",
    "sex": "女",
    "time": "2017-12-13T15:29:38.226Z"
  },
  {
    "ID": 2,
    "userId": 1,
    "province": "河南省",
    "city": "郑州市",
    "address1": "海淀区",
    "address2": "新潮嘉园3期",
    "name": "左钊",
    "tel": "13146593374",
    "sex": "男",
    "time": "2017-12-15T15:29:38.226Z"
  },
  {
    "ID": 3,
    "userId": 2,
    "province": "黑龙江省",
    "city": "哈尔滨市",
    "address1": "海淀区",
    "address2": "新潮嘉园3期",
    "name": "杜毅",
    "tel": "13146593374",
    "sex": "男",
    "time": "2017-12-15T15:29:38.226Z"
  },
  {
    "userId": 1,
    "province": "北京市",
    "city": "北京市",
    "address1": "通州区",
    "address2": "新潮嘉园3期",
    "name": "李唐菲",
    "tel": "13146593373",
    "sex": "nan ",
    "ID": 4,
    "time": "2017-12-15T15:29:38.226Z"
  }
]