[{"ID":1,"userId":1,"typeId":5,"content":"服务很好呀！！","tel":"1314659333","time":"2017-12-1"},{"ID":2,"userId":1,"typeId":5,"content":"服务很好呀！！","tel":"1314659333","time":"2017-12-1"},{"ID":3,"userId":1,"typeId":5,"content":"服务很好呀！！","tel":"1314659333","time":"2017-12-1"},{"ID":4,"userId":1,"typeId":5,"content":"服务很好呀！！","tel":"1314659333","time":"2017-12-1"},{"ID":5,"userId":1,"typeId":5,"content":"服务很好呀！！","tel":"1314659333","time":"2017-12-1"},{"ID":6,"userId":1,"typeId":5,"content":"服务很好呀！！","tel":"1314659333","time":"2017-12-1"},{"ID":7,"userId":1,"typeId":5,"content":"服务很好呀！！","tel":"1314659333","time":"2017-12-1"},{"ID":8,"userId":3,"typeId":5,"content":"服务很好呀！！","tel":"1314659333","time":"2017-12-1"},{"ID":9,"userId":2,"typeId":5,"content":"服务很好呀！！","tel":"1314659333","time":"2017-12-1"},{"ID":10,"userId":1,"typeId":5,"content":"服务很好呀！！","tel":"13146593373","time":"2017-12-11"},{"ID":11,"userId":2,"typeId":5,"content":"服务很好呀！！","tel":"13146593373","time":"2017-12-11"},{"ID":12,"userId":1,"typeId":5,"content":"服务很好呀！！","tel":"13146593373","time":"2017-12-11"},{"userId":1,"typeId":1,"content":"test","tel":"13145676557","ID":13,"time":"2017-12-15T12:40:34.209Z"}]