[
  {
    "userId": 1,
    "orderId": 1,
    "orderProduct": [
      {
        "proId": 1,
        "sum": 1
      },
      {
        "proId": 2,
        "sum": 4
      }
    ],
    "orderPriceSum": 100,
    "addressId": 1,
    "time": "2017-12-07"
  },
  {
    "userId": 1,
    "orderId": 2,
    "orderProduct": [
      {
        "proId": 1,
        "sum": 1
      },
      {
        "proId": 2,
        "sum": 4
      }
    ],
    "orderPriceSum": 100,
    "addressId": 1,
    "time": "2017-12-07"
  },
  {
    "userId": 3,
    "orderProduct": [
      {
        "proId": 1,
        "sum": 1
      },
      {
        "proId": 2,
        "sum": 4
      }
    ],
    "orderPriceSum": 100,
    "addressId": 1,
    "ID": 3,
    "time": "2017-12-15T15:20:42.898Z"
  }
]